{
  "project_info": {
    "project_number": "561597858683",
    "project_id": "clockapp-c89c6",
    "storage_bucket": "clockapp-c89c6.appspot.com"
  },
  "client": [
    {
      "client_info": {
        "mobilesdk_app_id": "1:561597858683:android:639fdf9846fe5cfe10b3de",
        "android_client_info": {
          "package_name": "clockapp.com"
        }
      },
      "oauth_client": [],
      "api_key": [
        {
          "current_key": "AIzaSyBVCnB6Yxt-OFTnQZkwa9Pf5zEOxY2dphM"
        }
      ],
      "services": {
        "appinvite_service": {
          "other_platform_oauth_client": []
        }
      }
    }
  ],
  "configuration_version": "1"
}